{"cameraMode":{"drawMode":0,"name":"Shaded","section":"Shading Mode"},"sceneLighting":true,"audioPlay":false,"sceneViewState":{"showFog":true,"showMaterialUpdate":true,"showSkybox":true,"showFlares":true,"showImageEffects":true,"showParticleSystems":true},"in2DMode":false,"pivot":{"x":-1.4707038402557374,"y":0.734935462474823,"z":-2.477088689804077},"rotation":{"x":-0.12445181608200073,"y":-0.023218542337417604,"z":0.0029128820169717075,"w":-0.9919512867927551},"size":1.6892333030700684,"orthographic":false}