{"cameraMode":{"drawMode":0,"name":"Shaded","section":"Shading Mode"},"sceneLighting":true,"audioPlay":false,"sceneViewState":{"showFog":true,"showMaterialUpdate":true,"showSkybox":true,"showFlares":true,"showImageEffects":true,"showParticleSystems":true},"in2DMode":false,"pivot":{"x":-1.9993276596069337,"y":0.9206793308258057,"z":-0.00360107421875},"rotation":{"x":0.12352026253938675,"y":-0.031253427267074588,"z":0.003892216132953763,"w":0.9918428659439087},"size":10.0,"orthographic":false}