{"cameraMode":{"drawMode":0,"name":"Shaded","section":"Shading Mode"},"sceneLighting":true,"audioPlay":false,"sceneViewState":{"showFog":true,"showMaterialUpdate":true,"showSkybox":true,"showFlares":true,"showImageEffects":true,"showParticleSystems":true},"in2DMode":false,"pivot":{"x":-0.5910436511039734,"y":1.0810048580169678,"z":0.02266979217529297},"rotation":{"x":0.06834552437067032,"y":-0.0014965767040848733,"z":0.00010279989510308951,"w":0.9976615905761719},"size":3.1683149337768556,"orthographic":false}