{"cameraMode":{"drawMode":0,"name":"Shaded","section":"Shading Mode"},"sceneLighting":true,"audioPlay":false,"sceneViewState":{"showFog":true,"showMaterialUpdate":true,"showSkybox":true,"showFlares":true,"showImageEffects":true,"showParticleSystems":true},"in2DMode":false,"pivot":{"x":-0.9909054040908814,"y":0.8401845693588257,"z":-2.433027744293213},"rotation":{"x":-0.10957310348749161,"y":0.0169935654848814,"z":-0.0018737390637397767,"w":-0.9938334226608276},"size":2.589233160018921,"orthographic":false}