{"cameraMode":{"drawMode":0,"name":"Shaded","section":"Shading Mode"},"sceneLighting":true,"audioPlay":false,"sceneViewState":{"showFog":true,"showMaterialUpdate":true,"showSkybox":true,"showFlares":true,"showImageEffects":true,"showParticleSystems":true},"in2DMode":false,"pivot":{"x":-6.578300476074219,"y":-56.66762161254883,"z":165.0688934326172},"rotation":{"x":0.16362836956977845,"y":-0.01923595741391182,"z":0.0031914077699184419,"w":0.9863306879997253},"size":91.41648864746094,"orthographic":false}