{"cameraMode":{"drawMode":0,"name":"Shaded","section":"Shading Mode"},"sceneLighting":true,"audioPlay":false,"sceneViewState":{"showFog":true,"showMaterialUpdate":true,"showSkybox":true,"showFlares":true,"showImageEffects":true,"showParticleSystems":true},"in2DMode":false,"pivot":{"x":1.371756911277771,"y":1.0388503074645997,"z":1.0631318092346192},"rotation":{"x":0.16804875433444978,"y":-0.023656358942389489,"z":0.004034251905977726,"w":0.9854878187179565},"size":3.831918478012085,"orthographic":false}